{
    "pairs": [
        {
            "question": "What is Starbeam.one?",
            "response": "Starbeam.one is a centralized digital marketplace that allows creators to issue and sell digital assets, including music, videos, images, and more."
        },
        {
            "question": "What can I buy on Starbeam.one?",
            "response": "You can purchase and collect unique and valuable digital assets like music, videos, images, and more."
        },
        {
            "question": "What is Flare?",
            "response": "Flare is the digital currency used for all transactions on Starbeam.one. It is equivalent to the US dollar."
        },
        {
            "question": "Do I need to register to use Starbeam.one?",
            "response": "No, there is no registration required to use Starbeam.one."
        },
        {
            "question": "How can I start selling my digital assets on Starbeam.one?",
            "response": "You can connect your social media accounts such as Twitter, Reddit, and Deviant Art to start selling your digital assets."
        },
        {
            "question": "Is Starbeam.one involved in cryptocurrencies?",
            "response": "No, Starbeam.one is not involved in cryptocurrencies."
        }
    ]
}
